MarriageQuality,TFP,se
-1.0,-0.2007352127305213,0.06812491071869237
-0.5,-0.1750219459831618,0.05614270554251831
0.0,-0.14930867923580227,0.04600077780847302
0.5,-0.12359541248844275,0.03915619977068213
1.0,-0.09788214574108323,0.037462149566263654
