MarriageQuality,TFP,se
-1.0,-0.07608187566891278,0.19224498268486861
-0.5,-0.05041219998592833,0.19189093618709563
0.0,-0.02474252430294388,0.19189687774546094
0.5,0.0009271513800405695,0.1922627739854873
1.0,0.02659682706302502,0.19298657753111897
