MarriageQuality,TFP,se
-1.0,-0.28780664631607955,0.07664897765934858
-0.5,-0.23543117718943768,0.06777654657360863
0.0,-0.1830557080627958,0.06143963191244828
0.5,-0.13068023893615394,0.05846853930534868
1.0,-0.07830476980951206,0.05937074550935378
