MarriageQuality,TFP,se
-1.0,-0.31316200129203153,0.11607000125357819
-0.5,-0.25696436529174693,0.09154948589144642
0.0,-0.20076672929146233,0.07242446084026191
0.5,-0.14456909329117773,0.06375129546957535
1.0,-0.08837145729089313,0.06955633547799617
