MarriageQuality,TFP,se
-1.0,-0.07608187566891278,0.13871555693433574
-0.5,-0.05041219998592833,0.1453112002966141
0.0,-0.02474252430294388,0.15239097186135825
0.5,0.0009271513800405695,0.15989057462909656
1.0,0.02659682706302502,0.1677537110849204
