MarriageQuality,TFP,se
-1.0,-0.1443989026178052,0.08858095247402051
-0.5,-0.1038782060985628,0.09230045958946195
0.0,-0.0633575095793204,0.0965286045826299
0.5,-0.02283681306007801,0.10120165575689039
1.0,0.017683883459164385,0.1062609322198199
