MarriageQuality,TFP,se
-1.0,0.05565379199720055,0.056558302956177524
-0.5,0.042224829262811236,0.05289632442146628
0.0,0.02879586652842192,0.05019633691914395
0.5,0.015366903794032605,0.0486188743358006
1.0,0.0019379410596432889,0.04827410529509048
