MarriageQuality,TFP,se
-1.0,-0.07608187566891278,0.1617327381493335
-0.5,-0.05041219998592833,0.1672459277579775
0.0,-0.02474252430294388,0.17301826995457326
0.5,0.0009271513800405695,0.17902469871116033
1.0,0.02659682706302502,0.18524244487500985
